Keyword,Volume,CPC,Keyword Difficulty,Type,Competition
convert pdf to word online free,823000,0.30,52,text,Medium
resize image online free,560000,0.14,55,image,High
compress pdf online free,450000,0.22,50,text,Medium
image converter online free,320000,0.12,48,image,Medium
json formatter online free,310000,0.05,35,text,Medium
convert mp4 to mp3 online free,310000,0.09,46,video,Medium
convert video online free,280000,0.12,50,video,Medium
video compressor online free,230000,0.15,48,video,Medium
png to jpg converter free,210000,0.10,44,image,Medium
csv to excel converter online free,195000,0.18,46,text,Medium
convert image to jpg online,180000,0.11,45,image,Medium
jpg to png converter online,165000,0.11,42,image,Medium
mov to mp4 converter online free,145000,0.13,40,video,Medium
heic to jpg converter online,135000,0.12,36,image,Medium
avi to mp4 converter online,120000,0.11,39,video,Medium
webp to jpg converter,110000,0.09,38,image,Medium
mkv to mp4 converter online free,110000,0.12,37,video,Medium
image format converter,95000,0.10,41,image,Medium
webm to mp4 converter online free,92000,0.10,38,video,Medium
svg to png converter online,90000,0.11,40,image,Medium
csv to json converter online,88000,0.05,28,text,Low
gif to mp4 converter online,74000,0.10,33,video,Medium
webp to png converter free,72000,0.09,35,image,Medium
xml to json converter online free,71000,0.06,29,text,Low
json to csv converter free,65000,0.05,26,text,Low
mp4 to gif converter online,65000,0.10,34,video,Low
mp4 to webm converter online,58000,0.11,35,video,Medium
jpg to webp converter online,55000,0.10,36,image,Medium
text file converter online,55000,0.08,32,text,Low
yaml to json converter,52000,0.05,24,text,Low
heic to png converter online free,48000,0.10,31,image,Low
bmp to jpg converter online,45000,0.08,30,image,Low
html to text converter online,44000,0.06,29,text,Low
png to webp converter,42000,0.09,33,image,Low
markdown to html converter,42000,0.06,30,text,Low
gif to jpg converter,38000,0.07,28,image,Low
json to xml converter,38000,0.05,27,text,Low
online video converter no watermark,38000,0.14,42,video,Medium
html to markdown converter online,31000,0.06,27,text,Low
txt to csv converter online,29000,0.07,25,text,Low
markdown to pdf converter free,28000,0.12,33,text,Low
bulk image converter online,22000,0.12,38,image,Medium
free video format converter browser,21000,0.11,33,video,Low
log file viewer online,19000,0.05,22,text,Low
convert video to gif high quality online,18000,0.09,32,video,Medium
ogg to mp4 converter,18000,0.08,25,video,Low
gif to webm converter online,14000,0.08,26,video,Low